state_code,week_index,temp_deviation
MH,2023-W01,-2.005
MH,2023-W02,-3.444
MH,2023-W03,0.486
MH,2023-W04,0.475
MH,2023-W05,1.645
MH,2023-W06,0.534
MH,2023-W07,1.315
MH,2023-W08,2.2
MH,2023-W09,2.945
MH,2023-W10,2.876
MH,2023-W11,3.188
MH,2023-W12,4.635
MH,2023-W13,5.663
MH,2023-W14,5.978
MH,2023-W15,6.504
MH,2023-W16,5.963
MH,2023-W17,9.017
MH,2023-W18,7.853
MH,2023-W19,10.313
MH,2023-W20,6.53
MH,2023-W21,5.763
MH,2023-W22,3.284
MH,2023-W23,5.096
MH,2023-W24,2.461
MH,2023-W25,1.507
MH,2023-W26,3.803
MH,2023-W27,1.627
MH,2023-W28,0.327
MH,2023-W29,0.492
MH,2023-W30,-1.789
MH,2023-W31,-0.925
MH,2023-W32,-2.289
MH,2023-W33,-2.959
MH,2023-W34,-4.276
MH,2023-W35,-4.241
MH,2023-W36,-4.579
MH,2023-W37,-7.025
MH,2023-W38,-6.517
MH,2023-W39,-6.609
MH,2023-W40,-6.955
MH,2023-W41,-6.593
MH,2023-W42,-1.066
MH,2023-W43,-0.588
MH,2023-W44,-1.555
MH,2023-W45,-2.062
MH,2023-W46,-7.259
MH,2023-W47,-6.895
MH,2023-W48,-5.428
MH,2023-W49,-5.088
MH,2023-W50,-3.908
MH,2023-W51,-2.097
MH,2023-W52,-4.4
MH,2024-W01,-2.46
MH,2024-W02,-2.041
MH,2024-W03,-2.177
MH,2024-W04,-0.647
MH,2024-W05,1.038
MH,2024-W06,-0.259
MH,2024-W07,1.502
MH,2024-W08,2.049
MH,2024-W09,3.621
MH,2024-W10,4.907
MH,2024-W11,3.885
MH,2024-W12,4.733
MH,2024-W13,4.304
MH,2024-W14,5.722
MH,2024-W15,7.217
MH,2024-W16,5.651
MH,2024-W17,8.989
MH,2024-W18,7.915
MH,2024-W19,8.172
MH,2024-W20,6.145
MH,2024-W21,5.225
MH,2024-W22,6.048
MH,2024-W23,4.513
MH,2024-W24,2.188
MH,2024-W25,3.542
MH,2024-W26,2.036
MH,2024-W27,1.041
MH,2024-W28,0.036
MH,2024-W29,-0.693
MH,2024-W30,-2.994
MH,2024-W31,-2.558
MH,2024-W32,-2.366
MH,2024-W33,-3.355
MH,2024-W34,-4.309
MH,2024-W35,-4.594
MH,2024-W36,-4.099
MH,2024-W37,-5.403
MH,2024-W38,-5.114
MH,2024-W39,-7.257
MH,2024-W40,-6.197
MH,2024-W41,-5.744
MH,2024-W42,-2.399
MH,2024-W43,-4.012
MH,2024-W44,-4.175
MH,2024-W45,-2.751
MH,2024-W46,-6.328
MH,2024-W47,-6.426
MH,2024-W48,-6.092
MH,2024-W49,-5.142
MH,2024-W50,-3.731
MH,2024-W51,-3.114
MH,2024-W52,-2.229
MH,2025-W01,-1.693
MH,2025-W02,-1.575
MH,2025-W03,-1.062
MH,2025-W04,-1.024
MH,2025-W05,0.528
MH,2025-W06,-0.493
MH,2025-W07,2.004
MH,2025-W08,1.865
MH,2025-W09,2.154
MH,2025-W10,2.177
MH,2025-W11,3.018
MH,2025-W12,5.547
MH,2025-W13,7.528
MH,2025-W14,4.917
MH,2025-W15,6.923
MH,2025-W16,6.252
MH,2025-W17,9.154
MH,2025-W18,9.701
MH,2025-W19,9.767
MH,2025-W20,4.339
MH,2025-W21,5.141
MH,2025-W22,5.063
MH,2025-W23,5.068
MH,2025-W24,2.628
MH,2025-W25,2.515
MH,2025-W26,1.552
MH,2025-W27,-0.237
MH,2025-W28,0.793
MH,2025-W29,0.924
MH,2025-W30,-2.061
MH,2025-W31,0.154
MH,2025-W32,-2.158
MH,2025-W33,-4.223
MH,2025-W34,-3.918
MH,2025-W35,-3.675
MH,2025-W36,-4.345
MH,2025-W37,-5.753
MH,2025-W38,-6.41
MH,2025-W39,-7.754
MH,2025-W40,-7.483
MH,2025-W41,-6.458
MH,2025-W42,-3.272
MH,2025-W43,-0.568
MH,2025-W44,-2.249
MH,2025-W45,-2.895
MH,2025-W46,-5.583
MH,2025-W47,-6.66
MH,2025-W48,-5.537
MH,2025-W49,-5.403
MH,2025-W50,-5.286
MH,2025-W51,-4.011
MH,2025-W52,-3.865
DL,2023-W01,-2.747
DL,2023-W02,-2.75
DL,2023-W03,-1.56
DL,2023-W04,-0.93
DL,2023-W05,-0.091
DL,2023-W06,0.217
DL,2023-W07,2.453
DL,2023-W08,1.591
DL,2023-W09,3.331
DL,2023-W10,2.79
DL,2023-W11,4.891
DL,2023-W12,5.591
DL,2023-W13,3.075
DL,2023-W14,5.411
DL,2023-W15,6.851
DL,2023-W16,5.067
DL,2023-W17,10.425
DL,2023-W18,7.508
DL,2023-W19,6.24
DL,2023-W20,5.857
DL,2023-W21,5.499
DL,2023-W22,5.814
DL,2023-W23,4.581
DL,2023-W24,3.909
DL,2023-W25,1.945
DL,2023-W26,0.965
DL,2023-W27,2.65
DL,2023-W28,1.191
DL,2023-W29,0.273
DL,2023-W30,-0.505
DL,2023-W31,-2.359
DL,2023-W32,-2.426
DL,2023-W33,-3.334
DL,2023-W34,-4.162
DL,2023-W35,-5.064
DL,2023-W36,-3.379
DL,2023-W37,-5.007
DL,2023-W38,-4.833
DL,2023-W39,-5.264
DL,2023-W40,-6.388
DL,2023-W41,-6.237
DL,2023-W42,-1.435
DL,2023-W43,-3.78
DL,2023-W44,-2.729
DL,2023-W45,-1.747
DL,2023-W46,-5.84
DL,2023-W47,-6.537
DL,2023-W48,-6.246
DL,2023-W49,-6.077
DL,2023-W50,-3.121
DL,2023-W51,-3.44
DL,2023-W52,-3.011
DL,2024-W01,-3.835
DL,2024-W02,-2.737
DL,2024-W03,-0.615
DL,2024-W04,-2.36
DL,2024-W05,0.35
DL,2024-W06,1.991
DL,2024-W07,0.709
DL,2024-W08,2.421
DL,2024-W09,3.346
DL,2024-W10,3.81
DL,2024-W11,3.611
DL,2024-W12,4.245
DL,2024-W13,3.617
DL,2024-W14,5.898
DL,2024-W15,4.711
DL,2024-W16,7.276
DL,2024-W17,8.594
DL,2024-W18,6.819
DL,2024-W19,9.218
DL,2024-W20,6.497
DL,2024-W21,5.672
DL,2024-W22,5.683
DL,2024-W23,2.991
DL,2024-W24,3.56
DL,2024-W25,3.91
DL,2024-W26,2.429
DL,2024-W27,0.929
DL,2024-W28,-0.713
DL,2024-W29,0.151
DL,2024-W30,-1.395
DL,2024-W31,-3.132
DL,2024-W32,-3.269
DL,2024-W33,-3.384
DL,2024-W34,-4.102
DL,2024-W35,-4.266
DL,2024-W36,-5.597
DL,2024-W37,-5.005
DL,2024-W38,-6.096
DL,2024-W39,-5.308
DL,2024-W40,-6.246
DL,2024-W41,-7.309
DL,2024-W42,-1.023
DL,2024-W43,-1.65
DL,2024-W44,-2.59
DL,2024-W45,-2.124
DL,2024-W46,-5.747
DL,2024-W47,-6.147
DL,2024-W48,-6.453
DL,2024-W49,-5.352
DL,2024-W50,-4.541
DL,2024-W51,-3.591
DL,2024-W52,-2.193
DL,2025-W01,-3.246
DL,2025-W02,-2.653
DL,2025-W03,-2.939
DL,2025-W04,0.169
DL,2025-W05,1.625
DL,2025-W06,0.696
DL,2025-W07,2.445
DL,2025-W08,3.075
DL,2025-W09,1.623
DL,2025-W10,3.715
DL,2025-W11,2.129
DL,2025-W12,4.859
DL,2025-W13,3.404
DL,2025-W14,6.663
DL,2025-W15,5.87
DL,2025-W16,6.202
DL,2025-W17,8.822
DL,2025-W18,8.82
DL,2025-W19,9.469
DL,2025-W20,7.715
DL,2025-W21,6.487
DL,2025-W22,4.866
DL,2025-W23,3.968
DL,2025-W24,3.055
DL,2025-W25,2.076
DL,2025-W26,2.613
DL,2025-W27,2.131
DL,2025-W28,1.63
DL,2025-W29,-0.133
DL,2025-W30,-0.238
DL,2025-W31,-0.316
DL,2025-W32,-2.495
DL,2025-W33,-3.151
DL,2025-W34,-3.748
DL,2025-W35,-3.448
DL,2025-W36,-3.996
DL,2025-W37,-4.637
DL,2025-W38,-6.354
DL,2025-W39,-6.376
DL,2025-W40,-6.77
DL,2025-W41,-7.902
DL,2025-W42,-1.254
DL,2025-W43,-4.068
DL,2025-W44,-3.236
DL,2025-W45,-0.643
DL,2025-W46,-5.535
DL,2025-W47,-6.755
DL,2025-W48,-6.301
DL,2025-W49,-5.277
DL,2025-W50,-5.518
DL,2025-W51,-4.369
DL,2025-W52,-3.605
KA,2023-W01,-3.014
KA,2023-W02,-3.116
KA,2023-W03,-2.713
KA,2023-W04,0.075
KA,2023-W05,-0.084
KA,2023-W06,2.216
KA,2023-W07,1.323
KA,2023-W08,1.746
KA,2023-W09,3.266
KA,2023-W10,3.064
KA,2023-W11,4.926
KA,2023-W12,4.16
KA,2023-W13,5.056
KA,2023-W14,4.892
KA,2023-W15,7.467
KA,2023-W16,6.307
KA,2023-W17,8.812
KA,2023-W18,9.928
KA,2023-W19,10.158
KA,2023-W20,4.258
KA,2023-W21,5.198
KA,2023-W22,5.295
KA,2023-W23,5.056
KA,2023-W24,2.714
KA,2023-W25,4.291
KA,2023-W26,0.822
KA,2023-W27,2.819
KA,2023-W28,1.477
KA,2023-W29,0.435
KA,2023-W30,0.265
KA,2023-W31,-0.976
KA,2023-W32,-3.447
KA,2023-W33,-4.92
KA,2023-W34,-3.72
KA,2023-W35,-4.042
KA,2023-W36,-5.101
KA,2023-W37,-5.65
KA,2023-W38,-6.051
KA,2023-W39,-7.502
KA,2023-W40,-7.17
KA,2023-W41,-7.338
KA,2023-W42,-2.588
KA,2023-W43,-1.916
KA,2023-W44,-3.177
KA,2023-W45,-1.735
KA,2023-W46,-5.489
KA,2023-W47,-6.495
KA,2023-W48,-5.669
KA,2023-W49,-4.922
KA,2023-W50,-3.512
KA,2023-W51,-3.639
KA,2023-W52,-4.343
KA,2024-W01,-4.189
KA,2024-W02,-2.962
KA,2024-W03,-1.009
KA,2024-W04,0.094
KA,2024-W05,-0.323
KA,2024-W06,1.632
KA,2024-W07,0.702
KA,2024-W08,2.28
KA,2024-W09,2.475
KA,2024-W10,3.794
KA,2024-W11,3.892
KA,2024-W12,5.212
KA,2024-W13,5.871
KA,2024-W14,6.331
KA,2024-W15,5.206
KA,2024-W16,5.565
KA,2024-W17,10.129
KA,2024-W18,8.412
KA,2024-W19,7.508
KA,2024-W20,4.386
KA,2024-W21,6.205
KA,2024-W22,4.071
KA,2024-W23,4.679
KA,2024-W24,5.308
KA,2024-W25,1.466
KA,2024-W26,0.82
KA,2024-W27,0.156
KA,2024-W28,-0.167
KA,2024-W29,-0.634
KA,2024-W30,-0.837
KA,2024-W31,-0.94
KA,2024-W32,-4.396
KA,2024-W33,-3.692
KA,2024-W34,-3.698
KA,2024-W35,-5.966
KA,2024-W36,-6.028
KA,2024-W37,-5.491
KA,2024-W38,-5.595
KA,2024-W39,-6.759
KA,2024-W40,-7.165
KA,2024-W41,-6.009
KA,2024-W42,-2.418
KA,2024-W43,-2.912
KA,2024-W44,-1.464
KA,2024-W45,-3.553
KA,2024-W46,-6.095
KA,2024-W47,-6.703
KA,2024-W48,-4.775
KA,2024-W49,-4.889
KA,2024-W50,-4.951
KA,2024-W51,-3.434
KA,2024-W52,-3.784
KA,2025-W01,-3.769
KA,2025-W02,-2.981
KA,2025-W03,-1.924
KA,2025-W04,-1.236
KA,2025-W05,-0.27
KA,2025-W06,1.371
KA,2025-W07,2.786
KA,2025-W08,0.944
KA,2025-W09,2.034
KA,2025-W10,2.867
KA,2025-W11,5.151
KA,2025-W12,5.944
KA,2025-W13,5.565
KA,2025-W14,6.391
KA,2025-W15,5.582
KA,2025-W16,6.85
KA,2025-W17,10.46
KA,2025-W18,9.777
KA,2025-W19,8.27
KA,2025-W20,5.457
KA,2025-W21,5.298
KA,2025-W22,6.508
KA,2025-W23,3.056
KA,2025-W24,3.266
KA,2025-W25,0.712
KA,2025-W26,2.802
KA,2025-W27,1.338
KA,2025-W28,2.545
KA,2025-W29,-0.145
KA,2025-W30,-1.516
KA,2025-W31,-1.996
KA,2025-W32,-2.846
KA,2025-W33,-3.162
KA,2025-W34,-3.023
KA,2025-W35,-4.366
KA,2025-W36,-4.878
KA,2025-W37,-4.977
KA,2025-W38,-6.424
KA,2025-W39,-5.635
KA,2025-W40,-6.84
KA,2025-W41,-6.647
KA,2025-W42,-3.889
KA,2025-W43,-1.66
KA,2025-W44,-1.073
KA,2025-W45,-1.032
KA,2025-W46,-6.97
KA,2025-W47,-6.508
KA,2025-W48,-6.645
KA,2025-W49,-5.872
KA,2025-W50,-2.691
KA,2025-W51,-4.039
KA,2025-W52,-1.249
TN,2023-W01,-2.07
TN,2023-W02,-3.086
TN,2023-W03,-1.173
TN,2023-W04,-2.452
TN,2023-W05,0.692
TN,2023-W06,2.215
TN,2023-W07,1.944
TN,2023-W08,2.799
TN,2023-W09,4.396
TN,2023-W10,3.178
TN,2023-W11,4.643
TN,2023-W12,5.343
TN,2023-W13,5.81
TN,2023-W14,6.674
TN,2023-W15,7.014
TN,2023-W16,7.12
TN,2023-W17,7.29
TN,2023-W18,8.856
TN,2023-W19,8.656
TN,2023-W20,5.777
TN,2023-W21,6.247
TN,2023-W22,5.436
TN,2023-W23,3.42
TN,2023-W24,1.864
TN,2023-W25,3.207
TN,2023-W26,2.655
TN,2023-W27,1.722
TN,2023-W28,0.462
TN,2023-W29,1.556
TN,2023-W30,0.644
TN,2023-W31,-1.975
TN,2023-W32,-3.393
TN,2023-W33,-2.148
TN,2023-W34,-4.388
TN,2023-W35,-4.019
TN,2023-W36,-6.184
TN,2023-W37,-5.076
TN,2023-W38,-5.424
TN,2023-W39,-6.234
TN,2023-W40,-6.612
TN,2023-W41,-6.734
TN,2023-W42,-1.884
TN,2023-W43,-4.412
TN,2023-W44,-1.092
TN,2023-W45,-2.427
TN,2023-W46,-6.56
TN,2023-W47,-4.983
TN,2023-W48,-6.195
TN,2023-W49,-5.136
TN,2023-W50,-4.046
TN,2023-W51,-3.076
TN,2023-W52,-3.118
TN,2024-W01,-3.312
TN,2024-W02,-2.583
TN,2024-W03,-0.646
TN,2024-W04,-0.888
TN,2024-W05,0.919
TN,2024-W06,1.515
TN,2024-W07,1.675
TN,2024-W08,1.523
TN,2024-W09,3.49
TN,2024-W10,3.195
TN,2024-W11,4.62
TN,2024-W12,6.257
TN,2024-W13,5.846
TN,2024-W14,5.76
TN,2024-W15,6.769
TN,2024-W16,7.189
TN,2024-W17,7.784
TN,2024-W18,7.35
TN,2024-W19,9.082
TN,2024-W20,5.118
TN,2024-W21,5.445
TN,2024-W22,4.173
TN,2024-W23,2.824
TN,2024-W24,3.288
TN,2024-W25,2.194
TN,2024-W26,1.803
TN,2024-W27,1.239
TN,2024-W28,0.849
TN,2024-W29,1.402
TN,2024-W30,-0.546
TN,2024-W31,-0.946
TN,2024-W32,-0.77
TN,2024-W33,-3.825
TN,2024-W34,-3.622
TN,2024-W35,-3.217
TN,2024-W36,-2.976
TN,2024-W37,-6.355
TN,2024-W38,-4.938
TN,2024-W39,-5.232
TN,2024-W40,-6.422
TN,2024-W41,-6.37
TN,2024-W42,-2.561
TN,2024-W43,-4.054
TN,2024-W44,-2.75
TN,2024-W45,-3.53
TN,2024-W46,-7.065
TN,2024-W47,-6.368
TN,2024-W48,-6.063
TN,2024-W49,-5.152
TN,2024-W50,-3.161
TN,2024-W51,-3.283
TN,2024-W52,-2.395
TN,2025-W01,-2.484
TN,2025-W02,-2.706
TN,2025-W03,-3.758
TN,2025-W04,-2.408
TN,2025-W05,0.015
TN,2025-W06,0.738
TN,2025-W07,0.074
TN,2025-W08,2.931
TN,2025-W09,2.584
TN,2025-W10,4.3
TN,2025-W11,3.351
TN,2025-W12,3.677
TN,2025-W13,4.458
TN,2025-W14,7.639
TN,2025-W15,6.262
TN,2025-W16,5.941
TN,2025-W17,7.731
TN,2025-W18,9.361
TN,2025-W19,9.595
TN,2025-W20,5.898
TN,2025-W21,6.01
TN,2025-W22,4.756
TN,2025-W23,4.25
TN,2025-W24,3.487
TN,2025-W25,3.455
TN,2025-W26,2.374
TN,2025-W27,0.406
TN,2025-W28,1.852
TN,2025-W29,0.728
TN,2025-W30,-1.127
TN,2025-W31,-2.789
TN,2025-W32,-1.537
TN,2025-W33,-1.82
TN,2025-W34,-3.862
TN,2025-W35,-4.126
TN,2025-W36,-3.583
TN,2025-W37,-5.681
TN,2025-W38,-4.575
TN,2025-W39,-9.088
TN,2025-W40,-7.812
TN,2025-W41,-7.649
TN,2025-W42,-1.188
TN,2025-W43,-3.58
TN,2025-W44,-2.817
TN,2025-W45,-2.78
TN,2025-W46,-5.659
TN,2025-W47,-5.671
TN,2025-W48,-5.591
TN,2025-W49,-5.986
TN,2025-W50,-5.216
TN,2025-W51,-1.97
TN,2025-W52,-2.502
GJ,2023-W01,-4.405
GJ,2023-W02,-2.585
GJ,2023-W03,-1.438
GJ,2023-W04,-0.48
GJ,2023-W05,0.672
GJ,2023-W06,1.561
GJ,2023-W07,1.36
GJ,2023-W08,3.596
GJ,2023-W09,3.091
GJ,2023-W10,2.682
GJ,2023-W11,3.931
GJ,2023-W12,4.987
GJ,2023-W13,6.302
GJ,2023-W14,7.131
GJ,2023-W15,5.039
GJ,2023-W16,6.159
GJ,2023-W17,8.456
GJ,2023-W18,8.594
GJ,2023-W19,8.55
GJ,2023-W20,7.498
GJ,2023-W21,5.666
GJ,2023-W22,5.85
GJ,2023-W23,3.486
GJ,2023-W24,5.344
GJ,2023-W25,3.189
GJ,2023-W26,1.621
GJ,2023-W27,0.632
GJ,2023-W28,0.818
GJ,2023-W29,-2.192
GJ,2023-W30,-0.4
GJ,2023-W31,-1.963
GJ,2023-W32,-1.9
GJ,2023-W33,-3.725
GJ,2023-W34,-3.415
GJ,2023-W35,-6.184
GJ,2023-W36,-5.122
GJ,2023-W37,-6.333
GJ,2023-W38,-7.357
GJ,2023-W39,-6.479
GJ,2023-W40,-6.08
GJ,2023-W41,-6.983
GJ,2023-W42,-1.712
GJ,2023-W43,-1.225
GJ,2023-W44,-2.139
GJ,2023-W45,-1.833
GJ,2023-W46,-6.618
GJ,2023-W47,-6.668
GJ,2023-W48,-6.165
GJ,2023-W49,-6.983
GJ,2023-W50,-3.418
GJ,2023-W51,-1.579
GJ,2023-W52,-2.716
GJ,2024-W01,-2.984
GJ,2024-W02,-2.152
GJ,2024-W03,-1.005
GJ,2024-W04,-0.2
GJ,2024-W05,-0.44
GJ,2024-W06,1.045
GJ,2024-W07,2.005
GJ,2024-W08,3.15
GJ,2024-W09,3.599
GJ,2024-W10,2.573
GJ,2024-W11,3.46
GJ,2024-W12,4.878
GJ,2024-W13,5.872
GJ,2024-W14,6.06
GJ,2024-W15,6.883
GJ,2024-W16,6.754
GJ,2024-W17,6.907
GJ,2024-W18,9.656
GJ,2024-W19,9.978
GJ,2024-W20,7.498
GJ,2024-W21,4.779
GJ,2024-W22,5.262
GJ,2024-W23,4.913
GJ,2024-W24,3.079
GJ,2024-W25,1.932
GJ,2024-W26,2.884
GJ,2024-W27,0.964
GJ,2024-W28,-0.27
GJ,2024-W29,0.049
GJ,2024-W30,-0.396
GJ,2024-W31,-1.411
GJ,2024-W32,-2.574
GJ,2024-W33,-3.187
GJ,2024-W34,-3.372
GJ,2024-W35,-5.031
GJ,2024-W36,-2.843
GJ,2024-W37,-5.112
GJ,2024-W38,-5.196
GJ,2024-W39,-6.683
GJ,2024-W40,-4.683
GJ,2024-W41,-7.476
GJ,2024-W42,-1.316
GJ,2024-W43,-2.662
GJ,2024-W44,-2.291
GJ,2024-W45,-3.49
GJ,2024-W46,-7.663
GJ,2024-W47,-6.313
GJ,2024-W48,-5.799
GJ,2024-W49,-5.461
GJ,2024-W50,-5.315
GJ,2024-W51,-3.812
GJ,2024-W52,-2.542
GJ,2025-W01,-2.295
GJ,2025-W02,-1.839
GJ,2025-W03,-0.203
GJ,2025-W04,0.533
GJ,2025-W05,0.378
GJ,2025-W06,0.385
GJ,2025-W07,2.101
GJ,2025-W08,0.915
GJ,2025-W09,1.82
GJ,2025-W10,2.294
GJ,2025-W11,4.743
GJ,2025-W12,6.054
GJ,2025-W13,4.633
GJ,2025-W14,5.541
GJ,2025-W15,7.105
GJ,2025-W16,5.586
GJ,2025-W17,8.428
GJ,2025-W18,8.87
GJ,2025-W19,7.599
GJ,2025-W20,6.658
GJ,2025-W21,6.372
GJ,2025-W22,4.869
GJ,2025-W23,2.982
GJ,2025-W24,5.06
GJ,2025-W25,1.515
GJ,2025-W26,3.066
GJ,2025-W27,1.707
GJ,2025-W28,1.226
GJ,2025-W29,-0.023
GJ,2025-W30,-0.916
GJ,2025-W31,-0.821
GJ,2025-W32,-2.76
GJ,2025-W33,-2.804
GJ,2025-W34,-3.7
GJ,2025-W35,-5.201
GJ,2025-W36,-5.509
GJ,2025-W37,-6.017
GJ,2025-W38,-4.932
GJ,2025-W39,-6.622
GJ,2025-W40,-5.655
GJ,2025-W41,-7.93
GJ,2025-W42,-1.026
GJ,2025-W43,-2.629
GJ,2025-W44,-3.517
GJ,2025-W45,-3.652
GJ,2025-W46,-5.582
GJ,2025-W47,-6.645
GJ,2025-W48,-6.067
GJ,2025-W49,-5.642
GJ,2025-W50,-2.994
GJ,2025-W51,-4.56
GJ,2025-W52,-2.297
RJ,2023-W01,-3.18
RJ,2023-W02,-1.783
RJ,2023-W03,-0.326
RJ,2023-W04,-0.046
RJ,2023-W05,0.902
RJ,2023-W06,-0.355
RJ,2023-W07,-0.104
RJ,2023-W08,2.263
RJ,2023-W09,2.035
RJ,2023-W10,2.191
RJ,2023-W11,2.627
RJ,2023-W12,5.689
RJ,2023-W13,6.109
RJ,2023-W14,5.98
RJ,2023-W15,5.931
RJ,2023-W16,6.731
RJ,2023-W17,8.792
RJ,2023-W18,9.411
RJ,2023-W19,9.312
RJ,2023-W20,6.751
RJ,2023-W21,6.232
RJ,2023-W22,5.366
RJ,2023-W23,3.087
RJ,2023-W24,3.703
RJ,2023-W25,2.617
RJ,2023-W26,0.819
RJ,2023-W27,1.023
RJ,2023-W28,1.555
RJ,2023-W29,-1.078
RJ,2023-W30,0.677
RJ,2023-W31,-0.711
RJ,2023-W32,-2.118
RJ,2023-W33,-2.479
RJ,2023-W34,-3.951
RJ,2023-W35,-4.238
RJ,2023-W36,-3.972
RJ,2023-W37,-4.427
RJ,2023-W38,-6.467
RJ,2023-W39,-6.347
RJ,2023-W40,-6.707
RJ,2023-W41,-6.84
RJ,2023-W42,-1.001
RJ,2023-W43,-1.745
RJ,2023-W44,-1.818
RJ,2023-W45,-1.572
RJ,2023-W46,-6.68
RJ,2023-W47,-6.902
RJ,2023-W48,-4.897
RJ,2023-W49,-6.357
RJ,2023-W50,-2.948
RJ,2023-W51,-3.974
RJ,2023-W52,-2.407
RJ,2024-W01,-3.601
RJ,2024-W02,-2.14
RJ,2024-W03,-0.562
RJ,2024-W04,-0.269
RJ,2024-W05,0.308
RJ,2024-W06,1.159
RJ,2024-W07,3.306
RJ,2024-W08,2.989
RJ,2024-W09,2.473
RJ,2024-W10,4.727
RJ,2024-W11,3.611
RJ,2024-W12,3.923
RJ,2024-W13,5.246
RJ,2024-W14,5.293
RJ,2024-W15,5.42
RJ,2024-W16,5.705
RJ,2024-W17,9.057
RJ,2024-W18,8.8
RJ,2024-W19,9.982
RJ,2024-W20,5.46
RJ,2024-W21,5.761
RJ,2024-W22,4.751
RJ,2024-W23,2.498
RJ,2024-W24,4.037
RJ,2024-W25,3.721
RJ,2024-W26,2.73
RJ,2024-W27,0.843
RJ,2024-W28,0.671
RJ,2024-W29,0.026
RJ,2024-W30,-1.279
RJ,2024-W31,-1.236
RJ,2024-W32,-0.847
RJ,2024-W33,-3.637
RJ,2024-W34,-4.026
RJ,2024-W35,-5.282
RJ,2024-W36,-4.17
RJ,2024-W37,-4.672
RJ,2024-W38,-7.056
RJ,2024-W39,-5.196
RJ,2024-W40,-6.873
RJ,2024-W41,-7.379
RJ,2024-W42,-3.744
RJ,2024-W43,-2.737
RJ,2024-W44,-3.921
RJ,2024-W45,-2.425
RJ,2024-W46,-5.707
RJ,2024-W47,-6.627
RJ,2024-W48,-8.492
RJ,2024-W49,-3.686
RJ,2024-W50,-4.234
RJ,2024-W51,-2.443
RJ,2024-W52,-2.565
RJ,2025-W01,-2.249
RJ,2025-W02,-1.945
RJ,2025-W03,-2.168
RJ,2025-W04,-0.079
RJ,2025-W05,-0.382
RJ,2025-W06,1.023
RJ,2025-W07,2.421
RJ,2025-W08,2.177
RJ,2025-W09,2.105
RJ,2025-W10,2.594
RJ,2025-W11,4.695
RJ,2025-W12,4.771
RJ,2025-W13,6.608
RJ,2025-W14,5.323
RJ,2025-W15,5.077
RJ,2025-W16,6.003
RJ,2025-W17,8.286
RJ,2025-W18,7.696
RJ,2025-W19,7.944
RJ,2025-W20,7.185
RJ,2025-W21,4.405
RJ,2025-W22,4.648
RJ,2025-W23,3.423
RJ,2025-W24,4.074
RJ,2025-W25,3.433
RJ,2025-W26,2.077
RJ,2025-W27,1.483
RJ,2025-W28,1.303
RJ,2025-W29,0.162
RJ,2025-W30,-0.123
RJ,2025-W31,-1.706
RJ,2025-W32,-2.516
RJ,2025-W33,-3.647
RJ,2025-W34,-5.028
RJ,2025-W35,-4.392
RJ,2025-W36,-4.392
RJ,2025-W37,-5.559
RJ,2025-W38,-6.257
RJ,2025-W39,-7.46
RJ,2025-W40,-7.867
RJ,2025-W41,-7.689
RJ,2025-W42,-1.527
RJ,2025-W43,-2.675
RJ,2025-W44,-1.547
RJ,2025-W45,-2.949
RJ,2025-W46,-8.226
RJ,2025-W47,-6.09
RJ,2025-W48,-6.078
RJ,2025-W49,-6.325
RJ,2025-W50,-4.764
RJ,2025-W51,-1.263
RJ,2025-W52,-2.563
WB,2023-W01,-1.29
WB,2023-W02,-2.298
WB,2023-W03,-0.741
WB,2023-W04,-0.752
WB,2023-W05,1.293
WB,2023-W06,0.52
WB,2023-W07,1.6
WB,2023-W08,3.177
WB,2023-W09,1.76
WB,2023-W10,4.368
WB,2023-W11,5.035
WB,2023-W12,3.701
WB,2023-W13,5.745
WB,2023-W14,6.589
WB,2023-W15,6.719
WB,2023-W16,6.29
WB,2023-W17,8.089
WB,2023-W18,8.935
WB,2023-W19,8.791
WB,2023-W20,5.778
WB,2023-W21,6.317
WB,2023-W22,5.704
WB,2023-W23,3.733
WB,2023-W24,4.284
WB,2023-W25,3.455
WB,2023-W26,2.196
WB,2023-W27,0.366
WB,2023-W28,0.919
WB,2023-W29,0.522
WB,2023-W30,-0.025
WB,2023-W31,-0.509
WB,2023-W32,-2.688
WB,2023-W33,-3.941
WB,2023-W34,-4.253
WB,2023-W35,-4.504
WB,2023-W36,-4.958
WB,2023-W37,-5.811
WB,2023-W38,-5.408
WB,2023-W39,-7.304
WB,2023-W40,-6.85
WB,2023-W41,-4.817
WB,2023-W42,-0.96
WB,2023-W43,-1.112
WB,2023-W44,-2.086
WB,2023-W45,-2.594
WB,2023-W46,-6.114
WB,2023-W47,-6.765
WB,2023-W48,-4.69
WB,2023-W49,-5.684
WB,2023-W50,-6.66
WB,2023-W51,-3.327
WB,2023-W52,-2.622
WB,2024-W01,-2.083
WB,2024-W02,-2.647
WB,2024-W03,-1.095
WB,2024-W04,-0.372
WB,2024-W05,0.483
WB,2024-W06,-0.17
WB,2024-W07,1.779
WB,2024-W08,1.801
WB,2024-W09,2.7
WB,2024-W10,3.58
WB,2024-W11,4.814
WB,2024-W12,4.354
WB,2024-W13,5.608
WB,2024-W14,4.478
WB,2024-W15,6.248
WB,2024-W16,5.995
WB,2024-W17,7.729
WB,2024-W18,8.981
WB,2024-W19,9.936
WB,2024-W20,6.101
WB,2024-W21,5.31
WB,2024-W22,6.381
WB,2024-W23,3.213
WB,2024-W24,3.95
WB,2024-W25,4.345
WB,2024-W26,3.221
WB,2024-W27,3.068
WB,2024-W28,-0.386
WB,2024-W29,-0.756
WB,2024-W30,-0.25
WB,2024-W31,-0.264
WB,2024-W32,-2.106
WB,2024-W33,-1.107
WB,2024-W34,-3.605
WB,2024-W35,-4.904
WB,2024-W36,-4.35
WB,2024-W37,-6.886
WB,2024-W38,-5.596
WB,2024-W39,-6.654
WB,2024-W40,-6.6
WB,2024-W41,-5.527
WB,2024-W42,-1.861
WB,2024-W43,-1.61
WB,2024-W44,-3.339
WB,2024-W45,-2.769
WB,2024-W46,-7.415
WB,2024-W47,-5.678
WB,2024-W48,-6.937
WB,2024-W49,-6.097
WB,2024-W50,-4.092
WB,2024-W51,-3.753
WB,2024-W52,-2.53
WB,2025-W01,-3.787
WB,2025-W02,-3.26
WB,2025-W03,-2.442
WB,2025-W04,-2.463
WB,2025-W05,-0.608
WB,2025-W06,1.167
WB,2025-W07,1.418
WB,2025-W08,0.672
WB,2025-W09,1.969
WB,2025-W10,3.653
WB,2025-W11,4.28
WB,2025-W12,2.965
WB,2025-W13,5.937
WB,2025-W14,6.226
WB,2025-W15,6.846
WB,2025-W16,6.082
WB,2025-W17,8.508
WB,2025-W18,9.998
WB,2025-W19,8.587
WB,2025-W20,5.846
WB,2025-W21,6.43
WB,2025-W22,5.347
WB,2025-W23,4.071
WB,2025-W24,2.962
WB,2025-W25,1.19
WB,2025-W26,1.496
WB,2025-W27,1.293
WB,2025-W28,0.865
WB,2025-W29,0.357
WB,2025-W30,-0.696
WB,2025-W31,-2.761
WB,2025-W32,-0.42
WB,2025-W33,-3.092
WB,2025-W34,-3.894
WB,2025-W35,-4.669
WB,2025-W36,-4.789
WB,2025-W37,-6.459
WB,2025-W38,-5.391
WB,2025-W39,-6.791
WB,2025-W40,-6.322
WB,2025-W41,-6.613
WB,2025-W42,-3.588
WB,2025-W43,-1.856
WB,2025-W44,-2.815
WB,2025-W45,-1.585
WB,2025-W46,-6.496
WB,2025-W47,-6.408
WB,2025-W48,-5.29
WB,2025-W49,-6.142
WB,2025-W50,-3.554
WB,2025-W51,-3.231
WB,2025-W52,-3.726
UP,2023-W01,-1.14
UP,2023-W02,-3.181
UP,2023-W03,-1.465
UP,2023-W04,-0.666
UP,2023-W05,-0.45
UP,2023-W06,1.055
UP,2023-W07,3.433
UP,2023-W08,2.046
UP,2023-W09,2.301
UP,2023-W10,4.101
UP,2023-W11,4.346
UP,2023-W12,5.133
UP,2023-W13,5.942
UP,2023-W14,5.832
UP,2023-W15,5.013
UP,2023-W16,6.984
UP,2023-W17,9.622
UP,2023-W18,10.011
UP,2023-W19,6.943
UP,2023-W20,5.549
UP,2023-W21,6.127
UP,2023-W22,4.233
UP,2023-W23,4.448
UP,2023-W24,3.492
UP,2023-W25,4.101
UP,2023-W26,1.686
UP,2023-W27,1.198
UP,2023-W28,0.419
UP,2023-W29,1.608
UP,2023-W30,-1.165
UP,2023-W31,-1.562
UP,2023-W32,-3.478
UP,2023-W33,-3.406
UP,2023-W34,-3.828
UP,2023-W35,-4.385
UP,2023-W36,-4.98
UP,2023-W37,-4.746
UP,2023-W38,-6.867
UP,2023-W39,-6.998
UP,2023-W40,-5.585
UP,2023-W41,-5.17
UP,2023-W42,-0.893
UP,2023-W43,-0.913
UP,2023-W44,-4.135
UP,2023-W45,-1.826
UP,2023-W46,-5.326
UP,2023-W47,-6.483
UP,2023-W48,-6.389
UP,2023-W49,-6.376
UP,2023-W50,-3.705
UP,2023-W51,-3.085
UP,2023-W52,-1.734
UP,2024-W01,-2.814
UP,2024-W02,-2.686
UP,2024-W03,-1.827
UP,2024-W04,-0.775
UP,2024-W05,-0.276
UP,2024-W06,1.296
UP,2024-W07,1.777
UP,2024-W08,2.352
UP,2024-W09,3.036
UP,2024-W10,1.241
UP,2024-W11,4.012
UP,2024-W12,5.434
UP,2024-W13,4.862
UP,2024-W14,5.099
UP,2024-W15,7.151
UP,2024-W16,6.249
UP,2024-W17,8.515
UP,2024-W18,8.929
UP,2024-W19,5.941
UP,2024-W20,6.426
UP,2024-W21,6.136
UP,2024-W22,4.292
UP,2024-W23,3.102
UP,2024-W24,2.431
UP,2024-W25,3.697
UP,2024-W26,1.778
UP,2024-W27,1.943
UP,2024-W28,0.618
UP,2024-W29,-0.222
UP,2024-W30,-0.845
UP,2024-W31,-2.747
UP,2024-W32,-2.157
UP,2024-W33,-4.418
UP,2024-W34,-4.163
UP,2024-W35,-3.927
UP,2024-W36,-3.266
UP,2024-W37,-5.864
UP,2024-W38,-4.666
UP,2024-W39,-4.872
UP,2024-W40,-7.611
UP,2024-W41,-6.594
UP,2024-W42,-2.28
UP,2024-W43,-2.003
UP,2024-W44,-2.14
UP,2024-W45,-1.495
UP,2024-W46,-7.103
UP,2024-W47,-7.636
UP,2024-W48,-6.428
UP,2024-W49,-4.948
UP,2024-W50,-3.201
UP,2024-W51,-4.111
UP,2024-W52,-2.611
UP,2025-W01,-2.811
UP,2025-W02,-1.776
UP,2025-W03,0.165
UP,2025-W04,-2.214
UP,2025-W05,0.068
UP,2025-W06,1.013
UP,2025-W07,1.973
UP,2025-W08,2.068
UP,2025-W09,1.127
UP,2025-W10,2.738
UP,2025-W11,2.605
UP,2025-W12,6.387
UP,2025-W13,5.719
UP,2025-W14,7.123
UP,2025-W15,7.008
UP,2025-W16,7.332
UP,2025-W17,10.609
UP,2025-W18,8.521
UP,2025-W19,7.619
UP,2025-W20,6.266
UP,2025-W21,5.002
UP,2025-W22,4.986
UP,2025-W23,4.302
UP,2025-W24,2.251
UP,2025-W25,2.455
UP,2025-W26,2.767
UP,2025-W27,0.423
UP,2025-W28,0.035
UP,2025-W29,0.665
UP,2025-W30,-0.671
UP,2025-W31,-0.984
UP,2025-W32,-3.628
UP,2025-W33,-2.526
UP,2025-W34,-2.805
UP,2025-W35,-4.103
UP,2025-W36,-4.415
UP,2025-W37,-5.884
UP,2025-W38,-5.633
UP,2025-W39,-8.106
UP,2025-W40,-8.154
UP,2025-W41,-6.108
UP,2025-W42,-2.902
UP,2025-W43,-1.878
UP,2025-W44,-3.801
UP,2025-W45,-1.895
UP,2025-W46,-7.056
UP,2025-W47,-6.171
UP,2025-W48,-4.689
UP,2025-W49,-6.63
UP,2025-W50,-3.46
UP,2025-W51,-3.095
UP,2025-W52,-3.377
AP,2023-W01,-2.414
AP,2023-W02,-2.923
AP,2023-W03,-2.208
AP,2023-W04,-0.222
AP,2023-W05,-0.347
AP,2023-W06,2.009
AP,2023-W07,1.418
AP,2023-W08,2.358
AP,2023-W09,2.616
AP,2023-W10,4.314
AP,2023-W11,4.365
AP,2023-W12,5.53
AP,2023-W13,5.527
AP,2023-W14,6.121
AP,2023-W15,7.582
AP,2023-W16,7.131
AP,2023-W17,10.057
AP,2023-W18,8.35
AP,2023-W19,9.497
AP,2023-W20,6.702
AP,2023-W21,4.968
AP,2023-W22,4.617
AP,2023-W23,3.165
AP,2023-W24,3.549
AP,2023-W25,2.347
AP,2023-W26,2.826
AP,2023-W27,1.569
AP,2023-W28,0.081
AP,2023-W29,0.229
AP,2023-W30,-1.451
AP,2023-W31,-2.107
AP,2023-W32,-1.637
AP,2023-W33,-4.438
AP,2023-W34,-4.051
AP,2023-W35,-4.756
AP,2023-W36,-4.751
AP,2023-W37,-5.167
AP,2023-W38,-5.871
AP,2023-W39,-5.955
AP,2023-W40,-6.473
AP,2023-W41,-6.269
AP,2023-W42,-2.391
AP,2023-W43,-0.815
AP,2023-W44,-2.331
AP,2023-W45,-1.539
AP,2023-W46,-6.417
AP,2023-W47,-5.192
AP,2023-W48,-5.452
AP,2023-W49,-5.663
AP,2023-W50,-4.123
AP,2023-W51,-3.002
AP,2023-W52,-2.277
AP,2024-W01,-2.518
AP,2024-W02,-2.44
AP,2024-W03,-0.885
AP,2024-W04,-0.876
AP,2024-W05,0.861
AP,2024-W06,0.77
AP,2024-W07,2.792
AP,2024-W08,2.806
AP,2024-W09,2.84
AP,2024-W10,4.157
AP,2024-W11,3.542
AP,2024-W12,5.017
AP,2024-W13,6.022
AP,2024-W14,4.848
AP,2024-W15,6.398
AP,2024-W16,6.176
AP,2024-W17,9.146
AP,2024-W18,9.441
AP,2024-W19,7.582
AP,2024-W20,4.864
AP,2024-W21,6.73
AP,2024-W22,5.41
AP,2024-W23,4.102
AP,2024-W24,3.759
AP,2024-W25,3.308
AP,2024-W26,2.972
AP,2024-W27,1.418
AP,2024-W28,-0.385
AP,2024-W29,0.117
AP,2024-W30,-0.829
AP,2024-W31,-0.831
AP,2024-W32,-3.454
AP,2024-W33,-3.284
AP,2024-W34,-4.716
AP,2024-W35,-4.835
AP,2024-W36,-4.897
AP,2024-W37,-6.183
AP,2024-W38,-5.35
AP,2024-W39,-5.934
AP,2024-W40,-6.703
AP,2024-W41,-7.46
AP,2024-W42,-2.273
AP,2024-W43,-2.663
AP,2024-W44,-0.012
AP,2024-W45,-2.795
AP,2024-W46,-7.263
AP,2024-W47,-6.612
AP,2024-W48,-5.04
AP,2024-W49,-4.874
AP,2024-W50,-4.937
AP,2024-W51,-4.324
AP,2024-W52,-1.858
AP,2025-W01,-3.177
AP,2025-W02,-1.551
AP,2025-W03,0.189
AP,2025-W04,0.447
AP,2025-W05,-0.78
AP,2025-W06,1.374
AP,2025-W07,0.937
AP,2025-W08,3.581
AP,2025-W09,4.169
AP,2025-W10,3.538
AP,2025-W11,3.556
AP,2025-W12,3.752
AP,2025-W13,4.422
AP,2025-W14,4.921
AP,2025-W15,5.514
AP,2025-W16,10.04
AP,2025-W17,9.564
AP,2025-W18,8.353
AP,2025-W19,9.748
AP,2025-W20,6.28
AP,2025-W21,5.519
AP,2025-W22,5.304
AP,2025-W23,5.313
AP,2025-W24,3.631
AP,2025-W25,1.899
AP,2025-W26,0.794
AP,2025-W27,2.01
AP,2025-W28,0.738
AP,2025-W29,-0.637
AP,2025-W30,-1.062
AP,2025-W31,-1.576
AP,2025-W32,-2.694
AP,2025-W33,-2.632
AP,2025-W34,-2.691
AP,2025-W35,-5.578
AP,2025-W36,-3.783
AP,2025-W37,-6.026
AP,2025-W38,-5.865
AP,2025-W39,-6.313
AP,2025-W40,-6.766
AP,2025-W41,-6.699
AP,2025-W42,-1.141
AP,2025-W43,-1.746
AP,2025-W44,-2.396
AP,2025-W45,-2.188
AP,2025-W46,-5.832
AP,2025-W47,-6.084
AP,2025-W48,-6.243
AP,2025-W49,-4.859
AP,2025-W50,-5.205
AP,2025-W51,-3.888
AP,2025-W52,-2.441
HR,2023-W01,-3.32
HR,2023-W02,-1.573
HR,2023-W03,-0.868
HR,2023-W04,-0.75
HR,2023-W05,1.42
HR,2023-W06,1.582
HR,2023-W07,1.665
HR,2023-W08,2.151
HR,2023-W09,5.286
HR,2023-W10,2.728
HR,2023-W11,2.719
HR,2023-W12,5.079
HR,2023-W13,4.285
HR,2023-W14,5.102
HR,2023-W15,7.183
HR,2023-W16,6.838
HR,2023-W17,9.813
HR,2023-W18,8.851
HR,2023-W19,8.169
HR,2023-W20,7.101
HR,2023-W21,5.874
HR,2023-W22,5.671
HR,2023-W23,3.059
HR,2023-W24,3.423
HR,2023-W25,2.407
HR,2023-W26,1.727
HR,2023-W27,1.361
HR,2023-W28,-0.387
HR,2023-W29,0.25
HR,2023-W30,-0.87
HR,2023-W31,-0.195
HR,2023-W32,-1.324
HR,2023-W33,-2.464
HR,2023-W34,-4.204
HR,2023-W35,-4.096
HR,2023-W36,-5.144
HR,2023-W37,-3.393
HR,2023-W38,-8.24
HR,2023-W39,-6.981
HR,2023-W40,-6.527
HR,2023-W41,-7.012
HR,2023-W42,-3.365
HR,2023-W43,-3.397
HR,2023-W44,-1.257
HR,2023-W45,-3.457
HR,2023-W46,-6.798
HR,2023-W47,-6.639
HR,2023-W48,-6.015
HR,2023-W49,-5.362
HR,2023-W50,-4.852
HR,2023-W51,-4.098
HR,2023-W52,-2.849
HR,2024-W01,-3.481
HR,2024-W02,-3.318
HR,2024-W03,-0.657
HR,2024-W04,-0.9
HR,2024-W05,-0.455
HR,2024-W06,1.42
HR,2024-W07,1.496
HR,2024-W08,2.653
HR,2024-W09,1.758
HR,2024-W10,3.656
HR,2024-W11,2.223
HR,2024-W12,5.411
HR,2024-W13,5.986
HR,2024-W14,5.891
HR,2024-W15,7.298
HR,2024-W16,7.638
HR,2024-W17,8.6
HR,2024-W18,9.298
HR,2024-W19,8.238
HR,2024-W20,7.084
HR,2024-W21,6.4
HR,2024-W22,4.896
HR,2024-W23,3.649
HR,2024-W24,3.166
HR,2024-W25,1.512
HR,2024-W26,3.633
HR,2024-W27,1.412
HR,2024-W28,1.366
HR,2024-W29,-0.446
HR,2024-W30,1.175
HR,2024-W31,-2.218
HR,2024-W32,-2.765
HR,2024-W33,-2.496
HR,2024-W34,-4.106
HR,2024-W35,-3.107
HR,2024-W36,-6.218
HR,2024-W37,-7.32
HR,2024-W38,-6.229
HR,2024-W39,-6.212
HR,2024-W40,-5.718
HR,2024-W41,-4.896
HR,2024-W42,-2.924
HR,2024-W43,-2.942
HR,2024-W44,-1.448
HR,2024-W45,-2.316
HR,2024-W46,-6.616
HR,2024-W47,-5.37
HR,2024-W48,-7.186
HR,2024-W49,-3.568
HR,2024-W50,-4.329
HR,2024-W51,-4.035
HR,2024-W52,-3.169
HR,2025-W01,-1.942
HR,2025-W02,-2.828
HR,2025-W03,-1.76
HR,2025-W04,-0.888
HR,2025-W05,-0.953
HR,2025-W06,0.553
HR,2025-W07,1.567
HR,2025-W08,2.522
HR,2025-W09,1.952
HR,2025-W10,3.591
HR,2025-W11,3.16
HR,2025-W12,5.31
HR,2025-W13,4.938
HR,2025-W14,6.293
HR,2025-W15,6.12
HR,2025-W16,6.931
HR,2025-W17,6.727
HR,2025-W18,7.398
HR,2025-W19,8.722
HR,2025-W20,5.58
HR,2025-W21,5.542
HR,2025-W22,3.909
HR,2025-W23,2.555
HR,2025-W24,4.784
HR,2025-W25,4.537
HR,2025-W26,2.387
HR,2025-W27,1.497
HR,2025-W28,0.532
HR,2025-W29,0.89
HR,2025-W30,-0.818
HR,2025-W31,-1.173
HR,2025-W32,-1.107
HR,2025-W33,-3.842
HR,2025-W34,-2.1
HR,2025-W35,-4.817
HR,2025-W36,-4.895
HR,2025-W37,-3.528
HR,2025-W38,-6.816
HR,2025-W39,-6.554
HR,2025-W40,-5.941
HR,2025-W41,-7.144
HR,2025-W42,-2.573
HR,2025-W43,-2.124
HR,2025-W44,-2.895
HR,2025-W45,-3.698
HR,2025-W46,-5.93
HR,2025-W47,-6.734
HR,2025-W48,-6.319
HR,2025-W49,-5.862
HR,2025-W50,-4.184
HR,2025-W51,-4.088
HR,2025-W52,-2.675
KL,2023-W01,-2.171
KL,2023-W02,-2.064
KL,2023-W03,-2.472
KL,2023-W04,-0.919
KL,2023-W05,1.061
KL,2023-W06,1.055
KL,2023-W07,1.62
KL,2023-W08,1.23
KL,2023-W09,3.598
KL,2023-W10,2.274
KL,2023-W11,4.631
KL,2023-W12,3.751
KL,2023-W13,4.481
KL,2023-W14,6.119
KL,2023-W15,7.454
KL,2023-W16,6.141
KL,2023-W17,7.183
KL,2023-W18,7.849
KL,2023-W19,9.53
KL,2023-W20,5.915
KL,2023-W21,5.285
KL,2023-W22,6.362
KL,2023-W23,3.199
KL,2023-W24,2.186
KL,2023-W25,3.526
KL,2023-W26,2.265
KL,2023-W27,1.355
KL,2023-W28,0.446
KL,2023-W29,-1.032
KL,2023-W30,-0.796
KL,2023-W31,-0.748
KL,2023-W32,-1.856
KL,2023-W33,-3.383
KL,2023-W34,-3.503
KL,2023-W35,-5.001
KL,2023-W36,-6.239
KL,2023-W37,-4.683
KL,2023-W38,-6.893
KL,2023-W39,-5.594
KL,2023-W40,-6.659
KL,2023-W41,-7.329
KL,2023-W42,-1.531
KL,2023-W43,-3.118
KL,2023-W44,-3.325
KL,2023-W45,-0.616
KL,2023-W46,-5.02
KL,2023-W47,-6.787
KL,2023-W48,-5.187
KL,2023-W49,-5.665
KL,2023-W50,-5.441
KL,2023-W51,-2.578
KL,2023-W52,-3.829
KL,2024-W01,-1.161
KL,2024-W02,-1.677
KL,2024-W03,-2.345
KL,2024-W04,0.294
KL,2024-W05,-1.064
KL,2024-W06,0.55
KL,2024-W07,1.904
KL,2024-W08,1.433
KL,2024-W09,3.591
KL,2024-W10,3.57
KL,2024-W11,3.889
KL,2024-W12,5.873
KL,2024-W13,5.063
KL,2024-W14,3.953
KL,2024-W15,5.418
KL,2024-W16,7.256
KL,2024-W17,8.028
KL,2024-W18,9.844
KL,2024-W19,8.306
KL,2024-W20,4.56
KL,2024-W21,5.405
KL,2024-W22,4.003
KL,2024-W23,4.892
KL,2024-W24,3.318
KL,2024-W25,3.596
KL,2024-W26,1.079
KL,2024-W27,0.821
KL,2024-W28,0.152
KL,2024-W29,1.278
KL,2024-W30,-0.151
KL,2024-W31,-2.582
KL,2024-W32,-3.539
KL,2024-W33,-3.561
KL,2024-W34,-2.895
KL,2024-W35,-5.262
KL,2024-W36,-5.353
KL,2024-W37,-6.147
KL,2024-W38,-4.07
KL,2024-W39,-6.072
KL,2024-W40,-7.103
KL,2024-W41,-7.775
KL,2024-W42,-3.201
KL,2024-W43,-4.164
KL,2024-W44,-1.22
KL,2024-W45,-1.98
KL,2024-W46,-6.828
KL,2024-W47,-7.167
KL,2024-W48,-7.0
KL,2024-W49,-4.795
KL,2024-W50,-4.614
KL,2024-W51,-2.13
KL,2024-W52,-2.672
KL,2025-W01,-3.026
KL,2025-W02,-2.951
KL,2025-W03,-1.19
KL,2025-W04,-1.16
KL,2025-W05,0.313
KL,2025-W06,0.743
KL,2025-W07,0.902
KL,2025-W08,0.797
KL,2025-W09,4.088
KL,2025-W10,4.127
KL,2025-W11,3.301
KL,2025-W12,4.351
KL,2025-W13,6.19
KL,2025-W14,6.314
KL,2025-W15,6.037
KL,2025-W16,5.327
KL,2025-W17,8.473
KL,2025-W18,8.324
KL,2025-W19,10.034
KL,2025-W20,5.421
KL,2025-W21,5.685
KL,2025-W22,6.045
KL,2025-W23,3.264
KL,2025-W24,3.713
KL,2025-W25,1.946
KL,2025-W26,2.694
KL,2025-W27,0.922
KL,2025-W28,0.435
KL,2025-W29,-0.981
KL,2025-W30,-2.074
KL,2025-W31,-2.22
KL,2025-W32,-2.306
KL,2025-W33,-3.244
KL,2025-W34,-2.028
KL,2025-W35,-3.745
KL,2025-W36,-3.874
KL,2025-W37,-4.18
KL,2025-W38,-5.521
KL,2025-W39,-7.983
KL,2025-W40,-6.113
KL,2025-W41,-6.871
KL,2025-W42,-1.768
KL,2025-W43,-1.943
KL,2025-W44,-1.726
KL,2025-W45,-1.721
KL,2025-W46,-7.431
KL,2025-W47,-6.989
KL,2025-W48,-5.224
KL,2025-W49,-5.976
KL,2025-W50,-3.28
KL,2025-W51,-4.318
KL,2025-W52,-3.487
OR,2023-W01,-4.157
OR,2023-W02,-1.083
OR,2023-W03,-2.361
OR,2023-W04,0.788
OR,2023-W05,0.347
OR,2023-W06,1.739
OR,2023-W07,3.249
OR,2023-W08,2.548
OR,2023-W09,3.141
OR,2023-W10,4.137
OR,2023-W11,2.55
OR,2023-W12,4.229
OR,2023-W13,5.969
OR,2023-W14,5.604
OR,2023-W15,5.04
OR,2023-W16,6.86
OR,2023-W17,8.126
OR,2023-W18,7.673
OR,2023-W19,8.703
OR,2023-W20,4.881
OR,2023-W21,6.159
OR,2023-W22,5.072
OR,2023-W23,2.066
OR,2023-W24,3.725
OR,2023-W25,3.849
OR,2023-W26,2.899
OR,2023-W27,2.172
OR,2023-W28,1.767
OR,2023-W29,-0.057
OR,2023-W30,0.267
OR,2023-W31,-2.048
OR,2023-W32,-1.916
OR,2023-W33,-1.634
OR,2023-W34,-2.48
OR,2023-W35,-3.933
OR,2023-W36,-3.495
OR,2023-W37,-5.292
OR,2023-W38,-5.556
OR,2023-W39,-6.749
OR,2023-W40,-6.808
OR,2023-W41,-8.062
OR,2023-W42,-0.877
OR,2023-W43,-1.261
OR,2023-W44,-3.228
OR,2023-W45,-1.491
OR,2023-W46,-6.727
OR,2023-W47,-5.361
OR,2023-W48,-5.726
OR,2023-W49,-5.749
OR,2023-W50,-4.113
OR,2023-W51,-2.933
OR,2023-W52,-0.825
OR,2024-W01,-1.294
OR,2024-W02,-2.668
OR,2024-W03,-0.381
OR,2024-W04,-0.69
OR,2024-W05,1.092
OR,2024-W06,-0.329
OR,2024-W07,1.607
OR,2024-W08,0.729
OR,2024-W09,2.106
OR,2024-W10,2.899
OR,2024-W11,3.858
OR,2024-W12,4.798
OR,2024-W13,6.357
OR,2024-W14,5.24
OR,2024-W15,6.567
OR,2024-W16,6.996
OR,2024-W17,8.422
OR,2024-W18,9.249
OR,2024-W19,9.478
OR,2024-W20,5.823
OR,2024-W21,6.595
OR,2024-W22,5.424
OR,2024-W23,4.841
OR,2024-W24,2.492
OR,2024-W25,1.781
OR,2024-W26,3.172
OR,2024-W27,2.046
OR,2024-W28,0.089
OR,2024-W29,0.398
OR,2024-W30,-1.457
OR,2024-W31,0.889
OR,2024-W32,-3.57
OR,2024-W33,-2.649
OR,2024-W34,-4.464
OR,2024-W35,-4.371
OR,2024-W36,-3.288
OR,2024-W37,-6.529
OR,2024-W38,-5.659
OR,2024-W39,-7.149
OR,2024-W40,-7.453
OR,2024-W41,-7.956
OR,2024-W42,-3.101
OR,2024-W43,-2.207
OR,2024-W44,-3.775
OR,2024-W45,-2.405
OR,2024-W46,-4.944
OR,2024-W47,-5.737
OR,2024-W48,-5.236
OR,2024-W49,-6.614
OR,2024-W50,-3.46
OR,2024-W51,-4.879
OR,2024-W52,-2.988
OR,2025-W01,-4.213
OR,2025-W02,-3.326
OR,2025-W03,-2.197
OR,2025-W04,-0.408
OR,2025-W05,1.172
OR,2025-W06,0.497
OR,2025-W07,1.691
OR,2025-W08,0.864
OR,2025-W09,3.841
OR,2025-W10,3.087
OR,2025-W11,3.21
OR,2025-W12,6.461
OR,2025-W13,6.045
OR,2025-W14,6.023
OR,2025-W15,6.498
OR,2025-W16,5.532
OR,2025-W17,9.435
OR,2025-W18,8.996
OR,2025-W19,10.461
OR,2025-W20,5.638
OR,2025-W21,6.98
OR,2025-W22,4.878
OR,2025-W23,3.731
OR,2025-W24,2.108
OR,2025-W25,2.454
OR,2025-W26,1.293
OR,2025-W27,2.253
OR,2025-W28,1.195
OR,2025-W29,0.842
OR,2025-W30,-0.714
OR,2025-W31,-1.484
OR,2025-W32,-3.307
OR,2025-W33,-4.284
OR,2025-W34,-3.182
OR,2025-W35,-4.679
OR,2025-W36,-6.606
OR,2025-W37,-6.372
OR,2025-W38,-6.785
OR,2025-W39,-6.354
OR,2025-W40,-5.804
OR,2025-W41,-6.232
OR,2025-W42,-1.486
OR,2025-W43,-4.295
OR,2025-W44,-2.641
OR,2025-W45,-0.348
OR,2025-W46,-6.618
OR,2025-W47,-4.637
OR,2025-W48,-7.085
OR,2025-W49,-5.783
OR,2025-W50,-4.3
OR,2025-W51,-3.741
OR,2025-W52,-1.948
